{"cameraMode":{"drawMode":0,"name":"Shaded","section":"Shading Mode"},"sceneLighting":true,"audioPlay":false,"sceneViewState":{"m_AlwaysRefresh":false,"showFog":true,"showSkybox":true,"showFlares":true,"showImageEffects":true,"showParticleSystems":true,"showVisualEffectGraphs":true,"m_FxEnabled":true},"in2DMode":false,"pivot":{"x":13.23666000366211,"y":12.8272705078125,"z":1.6632325649261475},"rotation":{"x":0.06027282774448395,"y":0.0029900118242949249,"z":-0.00018055854889098555,"w":0.9981775283813477},"size":12.744620323181153,"orthographic":false}